s,m,kg/m3,C,kg/s,m
Time,"h_0002_1","Density_VM_0002_1","Tg 3D_0002_1","MFLOW+_0002_1","h_0001_1"
 0.0000000E+000, 2.2500000E+000, 1.1635734E+000, 2.4000200E+001, 1.0412074E-002, NaN           
 0.1000000E+000, 2.2500000E+000, 1.1635734E+000, 2.4000200E+001, 1.0412074E-002, NaN           
 0.2000000E+000, 1.2500000E+000, 0.1635734E+000, 2.2000200E+001, 1.0212074E-002, 1.2500000E+000
 1.3000000E+000, 1.2500000E+000, 0.1635734E+000, 2.1000200E+001, 1.1512074E-002, 0.2500000E+000